{"pic":[{"baseURL":"http://localhost:4000/","userName":null,"imgX":0,"imgY":0,"imgId":null,"imgName":"ztbj","imgAlt":"图片","imgIndex":null,"imgAlphe":null,"imgMiddlq":null,"imgSrc":"\\data\\3\\image\\ztbj.png","imgLSrc":null,"imgTopId":null,"imgBottomId":null,"imgLeftpId":null,"imgRightId":null,"imgStage":"视频按钮","btnVideo":null,"btnMore":null,"stageDom":{"jQuery1910674293618892156":108},"layerDom":{"jQuery1910674293618892156":110}},{"baseURL":"http://localhost:4000/","userName":null,"imgX":"181","imgY":"190","imgId":"101","imgName":"video-img","imgAlt":"按钮","imgIndex":null,"imgAlphe":null,"imgMiddlq":null,"imgSrc":"\\data\\3\\image\\video-img.png","imgLSrc":"\\data\\3\\image\\video.png","imgTopId":null,"imgBottomId":"2","imgLeftpId":null,"imgRightId":"11","imgStage":"视频按钮","btnVideo":"99100000012018041309380001969958","btnMore":null,"stageDom":{"jQuery1910674293618892156":116},"layerDom":{"jQuery1910674293618892156":118}},{"baseURL":"http://localhost:4000/","userName":null,"imgX":"149","imgY":"483","imgId":"1","imgName":"t6","imgAlt":"按钮","imgIndex":null,"imgAlphe":null,"imgMiddlq":null,"imgSrc":"\\data\\3\\image\\t6.png","imgLSrc":"\\data\\3\\image\\t6-.png","imgTopId":"101","imgBottomId":null,"imgLeftpId":null,"imgRightId":"2","imgStage":"更多精彩","btnVideo":null,"btnMore":"2:0:1:1","stageDom":{"jQuery1910674293618892156":124},"layerDom":{"jQuery1910674293618892156":126}},{"baseURL":"http://localhost:4000/","userName":null,"imgX":"316","imgY":"487","imgId":"2","imgName":"t7","imgAlt":"按钮","imgIndex":null,"imgAlphe":null,"imgMiddlq":null,"imgSrc":"\\data\\3\\image\\t7.png","imgLSrc":"\\data\\3\\image\\t7-.png","imgTopId":"101","imgBottomId":null,"imgLeftpId":"1","imgRightId":"3","imgStage":"更多精彩","btnVideo":null,"btnMore":"2:0:1:1","stageDom":{"jQuery1910674293618892156":132},"layerDom":{"jQuery1910674293618892156":134}},{"baseURL":"http://localhost:4000/","userName":null,"imgX":"475","imgY":"500","imgId":"3","imgName":"t8","imgAlt":"按钮","imgIndex":null,"imgAlphe":null,"imgMiddlq":null,"imgSrc":"\\data\\3\\image\\t8.png","imgLSrc":"\\data\\3\\image\\t8-.png","imgTopId":"101","imgBottomId":null,"imgLeftpId":"2","imgRightId":"4","imgStage":"更多精彩","btnVideo":null,"btnMore":"2:2:1:1","stageDom":{"jQuery1910674293618892156":140},"layerDom":{"jQuery1910674293618892156":142}},{"baseURL":"http://localhost:4000/","userName":null,"imgX":"631","imgY":"521","imgId":"4","imgName":"t9","imgAlt":"按钮","imgIndex":null,"imgAlphe":null,"imgMiddlq":null,"imgSrc":"\\data\\3\\image\\t9.png","imgLSrc":"\\data\\3\\image\\t9-.png","imgTopId":"11","imgBottomId":null,"imgLeftpId":"3","imgRightId":"5","imgStage":"更多精彩","btnVideo":null,"btnMore":"2:4:1:1","stageDom":{"jQuery1910674293618892156":148},"layerDom":{"jQuery1910674293618892156":150}},{"baseURL":"http://localhost:4000/","userName":null,"imgX":"793","imgY":"536","imgId":"5","imgName":"t10","imgAlt":"按钮","imgIndex":null,"imgAlphe":null,"imgMiddlq":null,"imgSrc":"\\data\\3\\image\\t10.png","imgLSrc":"\\data\\3\\image\\t10-.png","imgTopId":"22","imgBottomId":null,"imgLeftpId":"4","imgRightId":"6","imgStage":"更多精彩","btnVideo":null,"btnMore":"2:3:1:1","stageDom":{"jQuery1910674293618892156":156},"layerDom":{"jQuery1910674293618892156":158}},{"baseURL":"http://localhost:4000/","userName":null,"imgX":"951","imgY":"524","imgId":"6","imgName":"t11","imgAlt":"按钮","imgIndex":null,"imgAlphe":null,"imgMiddlq":null,"imgSrc":"\\data\\3\\image\\t11.png","imgLSrc":"\\data\\3\\image\\t11-.png","imgTopId":"44","imgBottomId":null,"imgLeftpId":"5","imgRightId":"7","imgStage":"更多精彩","btnVideo":null,"btnMore":"1:0:1:1","stageDom":{"jQuery1910674293618892156":164},"layerDom":{"jQuery1910674293618892156":166}},{"baseURL":"http://localhost:4000/","userName":null,"imgX":"1175","imgY":"5","imgId":"back","imgName":"back","imgAlt":"按钮","imgIndex":null,"imgAlphe":null,"imgMiddlq":null,"imgSrc":"\\data\\3\\image\\back.png","imgLSrc":"\\data\\3\\image\\back-.png","imgTopId":null,"imgBottomId":"55","imgLeftpId":null,"imgRightId":null,"imgStage":"返回","btnVideo":null,"btnMore":null,"stageDom":{"jQuery1910674293618892156":172},"layerDom":{"jQuery1910674293618892156":174}},{"baseURL":"http://localhost:4000/","userName":null,"imgX":"670","imgY":"321","imgId":"11","imgName":"t1","imgAlt":"按钮","imgIndex":null,"imgAlphe":null,"imgMiddlq":null,"imgSrc":"\\data\\3\\image\\t1.png","imgLSrc":"\\data\\3\\image\\t1-.png","imgTopId":null,"imgBottomId":"4","imgLeftpId":"101","imgRightId":"22","imgStage":"视频按钮","btnVideo":"99100000012018041309374901969768","btnMore":null,"stageDom":{"jQuery1910674293618892156":180},"layerDom":{"jQuery1910674293618892156":182}},{"baseURL":"http://localhost:4000/","userName":null,"imgX":"766","imgY":"364","imgId":"22","imgName":"t2","imgAlt":"按钮","imgIndex":null,"imgAlphe":null,"imgMiddlq":null,"imgSrc":"\\data\\3\\image\\t2.png","imgLSrc":"\\data\\3\\image\\t2-.png","imgTopId":null,"imgBottomId":"5","imgLeftpId":"11","imgRightId":"33","imgStage":"视频按钮","btnVideo":"99100000012018041309375201969828","btnMore":null,"stageDom":{"jQuery1910674293618892156":188},"layerDom":{"jQuery1910674293618892156":190}},{"baseURL":"http://localhost:4000/","userName":null,"imgX":"893","imgY":"390","imgId":"33","imgName":"t3","imgAlt":"按钮","imgIndex":null,"imgAlphe":null,"imgMiddlq":null,"imgSrc":"\\data\\3\\image\\t3.png","imgLSrc":"\\data\\3\\image\\t3-.png","imgTopId":null,"imgBottomId":"6","imgLeftpId":"22","imgRightId":"44","imgStage":"视频按钮","btnVideo":"99100000012018041309375701969916","btnMore":null,"stageDom":{"jQuery1910674293618892156":196},"layerDom":{"jQuery1910674293618892156":198}},{"baseURL":"http://localhost:4000/","userName":null,"imgX":"1022","imgY":"353","imgId":"44","imgName":"t4","imgAlt":"按钮","imgIndex":null,"imgAlphe":null,"imgMiddlq":null,"imgSrc":"\\data\\3\\image\\t4.png","imgLSrc":"\\data\\3\\image\\t4-.png","imgTopId":null,"imgBottomId":"6","imgLeftpId":"33","imgRightId":"55","imgStage":"视频按钮","btnVideo":"99100000012018041309374801969750","btnMore":null,"stageDom":{"jQuery1910674293618892156":204},"layerDom":{"jQuery1910674293618892156":206}},{"baseURL":"http://localhost:4000/","userName":null,"imgX":"1122","imgY":"283","imgId":"55","imgName":"t5","imgAlt":"按钮","imgIndex":null,"imgAlphe":null,"imgMiddlq":null,"imgSrc":"\\data\\3\\image\\t5.png","imgLSrc":"\\data\\3\\image\\t5-.png","imgTopId":"back","imgBottomId":"7","imgLeftpId":"44","imgRightId":null,"imgStage":"视频按钮","btnVideo":"99100000012018041309380001969950","btnMore":null,"stageDom":{"jQuery1910674293618892156":212},"layerDom":{"jQuery1910674293618892156":214}},{"baseURL":"http://localhost:4000/","userName":null,"imgX":"1123","imgY":"509","imgId":"7","imgName":"more","imgAlt":"按钮","imgIndex":null,"imgAlphe":null,"imgMiddlq":null,"imgSrc":"\\data\\3\\image\\more.png","imgLSrc":"\\data\\3\\image\\more-.png","imgTopId":"55","imgBottomId":null,"imgLeftpId":"6","imgRightId":null,"imgStage":"返回","btnVideo":null,"btnMore":null,"stageDom":{"jQuery1910674293618892156":220},"layerDom":{"jQuery1910674293618892156":222}},{"baseURL":"http://localhost:4000/","userName":null,"imgX":"16","imgY":"37","imgId":null,"imgName":"log1","imgAlt":"图片","imgIndex":null,"imgAlphe":null,"imgMiddlq":null,"imgSrc":"\\data\\3\\image\\log1.png","imgLSrc":null,"imgTopId":null,"imgBottomId":null,"imgLeftpId":null,"imgRightId":null,"imgStage":"视频按钮","btnVideo":null,"btnMore":null,"stageDom":{"jQuery1910674293618892156":228},"layerDom":{"jQuery1910674293618892156":230}},{"baseURL":"http://localhost:4000/","userName":null,"imgX":"196","imgY":"2","imgId":null,"imgName":"log","imgAlt":"图片","imgIndex":null,"imgAlphe":null,"imgMiddlq":null,"imgSrc":"\\data\\3\\image\\log.png","imgLSrc":null,"imgTopId":null,"imgBottomId":null,"imgLeftpId":null,"imgRightId":null,"imgStage":"视频按钮","btnVideo":null,"btnMore":null,"stageDom":{"jQuery1910674293618892156":236},"layerDom":{"jQuery1910674293618892156":238}}],"state":"æ±èä¸é¢","id":"3"}